mr,success_rate,avg_gen,avg_sec
0.01,100.0,53.8,0.398164701461792
0.05,50.0,166.8,1.3026368618011475
0.1,0.0,200.0,0.0
0.5,0.0,200.0,0.0
